Name,Number
Economic Analysis for Business Decisions,15.010
"Data, Models, & Decisions",15.060
Communication for Leaders,15.280
Organizational Processes,15.311
Introduction to Tech Entrepreneurship,15.360
Financial Accounting,15.515
Competitive Strategy,15.900
Ethical Practice,15.270
New Enterprises,15.390
Intro to Operations Management,15.761
Entrepreneurial Strategy,15.911
Development Ventures,15.375
Leadership Stories,15.269
Managing in Adversity,15.386
Global Entrepreneurship Lab,15.389
Economics of Information,15.567
Digital Marketing,15.570
U-Lab,15.671
Applied Macro & Intl Econ,15.012
The Analytics Edge,15.071
Econ & Bus: China and India,15.225
Strategies for Sustainable Business,15.913
