Event Name,Event Time,Status,External Url
Living A Life You Love,"Oct 24, 2020 02:00 PM - Oct 24, 2020 09:00 PM",RELINQUISHED,https://www.eventbrite.com/e/living-a-life-you-love-tickets-112315843712
Online Unicorn Battle in Boston,"Jul 07, 2020 03:00 PM - Jul 07, 2020 05:03 PM",RELINQUISHED,https://www.eventbrite.com/e/online-unicorn-battle-in-boston-tickets-93681406609
Accelerate Digital Transformation with Data Virtualization in Banking (US),"Dec 15, 2020 07:00 PM - Dec 15, 2020 08:00 PM",RELINQUISHED,https://register.gotowebinar.com/register/4676563111398033679?utm_source=Denodo&utm_medium=SM-LinkedIn
Remote-first Online Conference,"Jan 14, 2020 10:00 PM - Jan 16, 2020 10:00 AM",RELINQUISHED,https://6nomads.com/remote-conf
Cloud Strategy Session with IBM,"Aug 18, 2020 05:00 PM - Aug 18, 2020 06:00 PM",RELINQUISHED,https://zoom.us/webinar/register/2015849961091/WN_s-wU8G9gQ6itv7xshTKAHg
"23 lata na drodze do turkusowej organizacji - Greg Kuczyński, Unity Group ","Sep 11, 2020 07:00 AM - Sep 11, 2020 08:30 AM",RELINQUISHED,https://app.evenea.pl/event/grzegorz-kuczynski-unity-turkusowa-organizacja
Improve Your LinkedIn Profile Challenge,"Oct 07, 2020 03:00 PM - Oct 13, 2020 03:00 PM",RELINQUISHED,https://businessparadise.co/improve-your-linkedin-profile-challenge
AI Unicorn Battle North America,"Sep 24, 2020 03:00 PM - Sep 24, 2020 07:00 PM",RELINQUISHED,https://battle.startup.network/events/421647/
Networking Hike [FIGHT CLUB CMDX] By Invitation Only,"Sep 07, 2024 03:00 PM - Sep 07, 2024 10:00 PM",APPROVED,https://www.fightclubcdmx.com/next-event-ticket-purchase/p/fight-club-mexico-city-september-2024-hiking-trip
Webinar: From Zero to Robotic Process Automation Implementation in 30 Days,"Jan 28, 2021 07:00 PM - Jan 28, 2021 08:00 PM",RELINQUISHED,
Jak sprawnie kontrolować finanse w startupie?,"Jan 28, 2021 01:00 PM - Jan 28, 2021 02:30 PM",RELINQUISHED,https://taxxo.pl/webinarium-finanse-startupu/
Jak rozmawiać z biznesem w USA? Nathaniel Espino,"Aug 20, 2020 04:00 PM - Aug 20, 2020 05:30 PM",RELINQUISHED,https://app.evenea.pl/event/biznes-w-usa/
Online Unicorn Battle in Chicago,"Jun 25, 2020 04:00 PM - Jun 25, 2020 07:00 PM",RELINQUISHED,https://www.eventbrite.com/e/online-unicorn-battle-in-chicago-tickets-93662881199
Remote-first Conference,"Sep 29, 2020 02:45 PM - Sep 29, 2020 06:00 PM",APPROVED,https://6nomads.com/remote-conf
[Webinar] Connecting RPA with SaaS: Orchestration 2.0,"Dec 10, 2020 04:00 PM - Dec 10, 2020 05:00 PM",RELINQUISHED,https://us02web.zoom.us/webinar/register/1816069720565/WN_k5uC9ydwQbWTkUY_kLBFWg
Living A Life You Love,"Oct 17, 2020 07:00 AM - Oct 17, 2020 02:00 PM",RELINQUISHED,https://www.eventbrite.com/e/living-a-life-you-love-tickets-112315843712
Unicorn Battle in California,"Jul 14, 2020 05:00 PM - Jul 14, 2020 07:30 PM",RELINQUISHED,https://www.eventbrite.com/e/unicorn-battle-in-california-tickets-94500001047
From Zero to Robotic Process Automation Implementation in 30 Days,"Jan 28, 2021 07:00 PM - Jan 28, 2021 08:00 PM",RELINQUISHED,https://us02web.zoom.us/webinar/register/7916105743187/WN_-8LOdGcNQUW8COA1Vw0fZg
