Login Date,IP Address,User Agent,Login Type
Tue Jul 30 01:14:27 UTC 2024,2806:2f0:9260:a05d:2c90:f997:db5:4dc1,"Mozilla/5.0 (Macintosh; Intel Mac OS X 10_15_7) AppleWebKit/537.36 (KHTML, like Gecko) Chrome/127.0.0.0 Safari/537.36",Login
Tue Aug 06 19:19:30 UTC 2024,2806:104e:15:9fa6:68ad:d88d:c4f1:2e17,"Mozilla/5.0 (Macintosh; Intel Mac OS X 10_15_7) AppleWebKit/537.36 (KHTML, like Gecko) Chrome/127.0.0.0 Safari/537.36",Login
Fri Aug 09 03:33:46 UTC 2024,2806:2f0:9260:a05d:90be:bf5b:6eef:527,"Mozilla/5.0 (Macintosh; Intel Mac OS X 10_15_7) AppleWebKit/537.36 (KHTML, like Gecko) Chrome/127.0.0.0 Safari/537.36",Login
Sat Sep 07 19:10:42 UTC 2024,2806:107e:1b:565:ad1e:e0c0:9e98:ea14,"Mozilla/5.0 (Macintosh; Intel Mac OS X 10_15_7) AppleWebKit/537.36 (KHTML, like Gecko) Chrome/128.0.0.0 Safari/537.36",Login
Tue Sep 17 00:49:17 UTC 2024,189.146.184.109,"Mozilla/5.0 (Macintosh; Intel Mac OS X 10_15_7) AppleWebKit/537.36 (KHTML, like Gecko) Chrome/128.0.0.0 Safari/537.36",Login
Mon Oct 21 19:42:20 UTC 2024,201.124.150.196,"Mozilla/5.0 (Macintosh; Intel Mac OS X 10_15_7) AppleWebKit/537.36 (KHTML, like Gecko) Chrome/129.0.0.0 Safari/537.36",Login
Fri Feb 14 02:11:46 UTC 2025,187.189.145.21,"Mozilla/5.0 (Macintosh; Intel Mac OS X 10_15_7) AppleWebKit/537.36 (KHTML, like Gecko) Chrome/132.0.0.0 Safari/537.36",Login
Tue Mar 04 22:54:31 UTC 2025,2806:2f0:96c1:f44f:7540:9485:9a60:cb6b,"Mozilla/5.0 (Macintosh; Intel Mac OS X 10_15_7) AppleWebKit/537.36 (KHTML, like Gecko) Chrome/133.0.0.0 Safari/537.36",Login
Wed Mar 05 02:36:04 UTC 2025,2806:2f0:96c1:f44f:7540:9485:9a60:cb6b,"Mozilla/5.0 (Macintosh; Intel Mac OS X 10_15_7) AppleWebKit/537.36 (KHTML, like Gecko) Chrome/133.0.0.0 Safari/537.36",Login
Mon Mar 10 18:45:32 UTC 2025,2806:2f0:96c1:f44f:89b6:d54a:63e2:c871,"Mozilla/5.0 (Macintosh; Intel Mac OS X 10_15_7) AppleWebKit/537.36 (KHTML, like Gecko) Chrome/133.0.0.0 Safari/537.36",Login
Mon Mar 10 18:45:33 UTC 2025,2806:2f0:96c1:f44f:89b6:d54a:63e2:c871,"Mozilla/5.0 (Macintosh; Intel Mac OS X 10_15_7) AppleWebKit/537.36 (KHTML, like Gecko) Chrome/133.0.0.0 Safari/537.36",Login
Mon Jun 16 17:06:59 UTC 2025,2806:2f0:96c1:f44f:d2:5f7:d920:d5b3,"Mozilla/5.0 (Macintosh; Intel Mac OS X 10_15_7) AppleWebKit/537.36 (KHTML, like Gecko) Chrome/137.0.0.0 Safari/537.36",Login
Wed Jul 30 14:40:33 UTC 2025,2806:2f0:96c1:f44f:cba:b71e:fa9c:215e,"Mozilla/5.0 (Macintosh; Intel Mac OS X 10_15_7) AppleWebKit/537.36 (KHTML, like Gecko) Chrome/138.0.0.0 Safari/537.36",Login
Wed Oct 22 04:02:52 UTC 2025,103.225.150.180,"Mozilla/5.0 (Macintosh; Intel Mac OS X 10_15_7) AppleWebKit/537.36 (KHTML, like Gecko) Chrome/141.0.0.0 Safari/537.36",Login
Sun Dec 07 10:21:35 UTC 2025,103.225.150.180,"Mozilla/5.0 (iPhone; CPU iPhone OS 18_7_2 like Mac OS X) AppleWebKit/605.1.15 (KHTML, like Gecko) CriOS/143.0.7499.92 Mobile/15E148 Safari/604.1",Login
Fri Jan 16 16:11:30 UTC 2026,60.48.93.156,"Mozilla/5.0 (Macintosh; Intel Mac OS X 10_15_7) AppleWebKit/537.36 (KHTML, like Gecko) Chrome/143.0.0.0 Safari/537.36",Login
Wed Jan 21 05:13:11 UTC 2026,2402:1980:9dc:6bf8:284c:3dd1:de3e:8eb,"Mozilla/5.0 (iPhone; CPU iPhone OS 18_7_3 like Mac OS X) AppleWebKit/605.1.15 (KHTML, like Gecko) CriOS/144.0.7559.85 Mobile/15E148 Safari/604.1",Login
Tue Feb 03 06:11:12 UTC 2026,36.85.189.91,"Mozilla/5.0 (Macintosh; Intel Mac OS X 10_15_7) AppleWebKit/537.36 (KHTML, like Gecko) Chrome/144.0.0.0 Safari/537.36",Login
Wed Feb 11 06:13:54 UTC 2026,103.225.150.180,"Mozilla/5.0 (Macintosh; Intel Mac OS X 10_15_7) AppleWebKit/537.36 (KHTML, like Gecko) Chrome/144.0.0.0 Safari/537.36",Login
Tue Mar 17 02:37:53 UTC 2026,2806:107e:7:432c:89c6:39e8:bed6:263f,"Mozilla/5.0 (Macintosh; Intel Mac OS X 10_15_7) AppleWebKit/537.36 (KHTML, like Gecko) Chrome/145.0.0.0 Safari/537.36",Login
Tue Mar 17 02:37:57 UTC 2026,2806:107e:7:432c:89c6:39e8:bed6:263f,"Mozilla/5.0 (Macintosh; Intel Mac OS X 10_15_7) AppleWebKit/537.36 (KHTML, like Gecko) Chrome/145.0.0.0 Safari/537.36",Login
Mon Mar 30 18:03:06 UTC 2026,2806:107e:7:9975:1073:5c33:7530:3a06,"Mozilla/5.0 (Macintosh; Intel Mac OS X 10_15_7) AppleWebKit/537.36 (KHTML, like Gecko) Chrome/146.0.0.0 Safari/537.36",Login
Mon Mar 30 18:03:06 UTC 2026,2806:107e:7:9975:1073:5c33:7530:3a06,"Mozilla/5.0 (Macintosh; Intel Mac OS X 10_15_7) AppleWebKit/537.36 (KHTML, like Gecko) Chrome/146.0.0.0 Safari/537.36",Login
Mon Mar 30 18:03:36 UTC 2026,2806:107e:7:9975:1073:5c33:7530:3a06,"Mozilla/5.0 (Macintosh; Intel Mac OS X 10_15_7) AppleWebKit/537.36 (KHTML, like Gecko) Chrome/146.0.0.0 Safari/537.36",Login
Thu Apr 16 22:48:00 UTC 2026,129.222.65.18,"Mozilla/5.0 (Macintosh; Intel Mac OS X 10_15_7) AppleWebKit/537.36 (KHTML, like Gecko) Chrome/147.0.0.0 Safari/537.36",Login
Thu May 28 22:33:03 UTC 2026,201.103.215.95,"Mozilla/5.0 (Macintosh; Intel Mac OS X 10_15_7) AppleWebKit/537.36 (KHTML, like Gecko) Chrome/148.0.0.0 Safari/537.36",Login
Fri Jun 05 21:09:11 UTC 2026,2806:107e:7:bbae:b08b:e7fa:becf:736c,"Mozilla/5.0 (Macintosh; Intel Mac OS X 10_15_7) AppleWebKit/537.36 (KHTML, like Gecko) Chrome/148.0.0.0 Safari/537.36",Login
Mon Jun 08 22:45:22 UTC 2026,201.103.240.151,"Mozilla/5.0 (Macintosh; Intel Mac OS X 10_15_7) AppleWebKit/537.36 (KHTML, like Gecko) Chrome/149.0.0.0 Safari/537.36",Login
Mon Jun 08 22:47:06 UTC 2026,201.103.240.151,"Mozilla/5.0 (Macintosh; Intel Mac OS X 10_15_7) AppleWebKit/537.36 (KHTML, like Gecko) Chrome/149.0.0.0 Safari/537.36",Login
Wed Jun 10 23:44:28 UTC 2026,2806:107e:7:c214:c988:e18b:738b:704e,"Mozilla/5.0 (Macintosh; Intel Mac OS X 10_15_7) AppleWebKit/537.36 (KHTML, like Gecko) Chrome/149.0.0.0 Safari/537.36",Login
Tue Jul 14 19:43:01 UTC 2026,201.103.249.206,"Mozilla/5.0 (Macintosh; Intel Mac OS X 10_15_7) AppleWebKit/537.36 (KHTML, like Gecko) Chrome/149.0.0.0 Safari/537.36",Login
