Time,Search Query
2025/06/16 15:29:12 UTC,giannandrea giammanco
2025/06/16 15:29:12 UTC,gonzalo garcía córdoba
2025/06/16 15:29:12 UTC,ishan gokhale
2025/06/16 15:29:13 UTC,gokhan uluderya tech insights
2025/06/16 15:29:14 UTC,gökhan haznedaroğlu
2025/06/16 15:29:16 UTC,gokhan polatski
2025/06/16 15:29:17 UTC,gokhan polatski
2025/06/16 15:29:23 UTC,gokhan polatski
2025/06/16 15:29:23 UTC,gokhan polatski
2025/06/17 02:39:30 UTC,bruce li
2025/06/17 02:39:31 UTC,denis brusnikin, m.d.
2025/06/17 02:39:31 UTC,kirill brusov
2025/06/17 02:39:40 UTC,brusov
2025/06/17 02:39:48 UTC,brusov
2025/06/17 02:39:48 UTC,brusov
2025/06/17 02:39:49 UTC,brusov
2025/06/17 02:39:50 UTC,brusov
2025/06/17 02:39:52 UTC,brusov
2025/06/17 02:39:55 UTC,brusov
2025/06/17 02:40:02 UTC,mike brusov
2025/06/17 16:46:41 UTC,gokhan polatski
2025/06/17 16:46:43 UTC,gokhan polat
2025/06/17 16:46:44 UTC,gokhan polat
2025/06/17 16:46:49 UTC,gokhan polat
2025/06/17 16:46:50 UTC,gokhan polat
2025/06/18 14:05:38 UTC,crowley
2025/06/18 14:05:38 UTC,cynthia fabiola domínguez jacobo
2025/06/18 14:05:38 UTC,cyril cros
2025/06/18 14:05:40 UTC,cyrill cherezov
2025/06/18 14:05:41 UTC,cyril derreumaux
2025/06/18 14:05:41 UTC,cyril pierre de geyer
2025/06/18 14:05:42 UTC,cyrill derche
2025/06/18 14:05:48 UTC,cyrill derche
2025/06/18 14:05:53 UTC,cyrille derche
2025/06/18 14:05:54 UTC,cyrille derche
2025/06/18 14:11:12 UTC,daniel cervenka
2025/06/18 14:11:12 UTC,daps
2025/06/18 14:11:14 UTC,daniel ospina
2025/06/18 16:35:20 UTC,daniel ospina
2025/06/18 16:35:20 UTC,dr. osianoh aliu
2025/06/18 16:35:21 UTC,daria osina
2025/06/18 16:35:21 UTC,osinachi
2025/06/18 16:35:21 UTC,osint groups
2025/06/18 16:35:23 UTC,osinachi patrick
2025/06/18 16:35:24 UTC,osinachi patrick
2025/06/18 16:35:28 UTC,osinachi patrick
2025/06/18 16:35:28 UTC,osinachi patrick
2025/06/18 16:36:48 UTC,nokia for service providers
2025/06/18 16:36:49 UTC,oliver sylvester-bradley - marketing for sustainability
2025/06/18 16:36:49 UTC,sujeesh krishnan
2025/06/18 16:36:49 UTC,susan donaldson
2025/06/18 16:36:49 UTC,susana mendoza plata
2025/06/18 16:36:49 UTC,susanna ritala
2025/06/18 16:36:50 UTC,susana criado gonzález
2025/06/18 16:36:52 UTC,susana gonzalez vannucci
2025/06/18 16:36:53 UTC,susana gonzalez
2025/06/18 16:36:54 UTC,susana gonzalez
2025/06/18 16:36:56 UTC,susana gonzalez
2025/06/18 16:36:57 UTC,susana gonzalez
2025/06/19 14:42:07 UTC,auggie johnson
2025/06/19 14:42:08 UTC,alcatel-lucent
2025/06/19 14:42:09 UTC,aleksandr konstantinov
2025/06/19 14:42:10 UTC,alexandria casteel
2025/06/19 14:42:10 UTC,alexus viegas, esq.
2025/06/19 14:42:12 UTC,alexus navas
2025/06/19 14:42:13 UTC,alexus navas
2025/06/19 14:42:18 UTC,alexus navas
2025/06/19 14:42:19 UTC,alexus navas
2025/06/24 17:23:33 UTC,florian glatz
2025/06/24 17:23:33 UTC,florian glatz
2025/06/24 17:23:33 UTC,florian glatz
2025/06/24 23:36:26 UTC,aleksandr konstantinov
2025/06/24 23:36:26 UTC,ken bartlett
2025/06/24 23:36:27 UTC,ken honda
2025/06/24 23:36:27 UTC,kenneth holley
2025/06/24 23:36:28 UTC,ken honda
2025/06/24 23:36:33 UTC,ken honda
2025/06/24 23:36:33 UTC,ken honda
2025/06/30 16:29:22 UTC,fair ai
2025/06/30 16:29:23 UTC,fair ai
2025/06/30 16:29:33 UTC,fair ai
2025/06/30 16:29:34 UTC,fair ai
2025/06/30 16:29:42 UTC,fairai
2025/06/30 16:29:42 UTC,fairai
2025/07/04 15:41:56 UTC,alex anuchin
2025/07/04 15:41:56 UTC,alexus navas
2025/07/04 15:41:56 UTC,andrew vass
2025/07/04 15:41:57 UTC,andrea gamboa
2025/07/04 15:41:57 UTC,andrea hicks
2025/07/04 15:41:57 UTC,andreas persson
2025/07/04 15:41:58 UTC,andrea
2025/07/04 15:41:58 UTC,andrew gallant
2025/07/04 15:41:59 UTC,andrew gallagher
2025/07/04 15:42:00 UTC,andrea gallagher
2025/07/04 15:42:01 UTC,andrea gallagher
2025/07/04 15:42:06 UTC,andrea gallagher
2025/07/04 15:42:07 UTC,andrea gallagher
2025/07/04 17:53:31 UTC,hannah töpler
2025/07/04 17:53:32 UTC,hrishikesh pardeshi
2025/07/04 17:53:32 UTC,hrv monitoring benefits
2025/07/04 17:53:32 UTC,hrv4training
2025/07/04 17:53:33 UTC,hrv4training
2025/07/10 14:10:42 UTC,Sergey Kollinz
2025/07/10 14:10:43 UTC,Sergey Kollinz
2025/07/10 14:10:45 UTC,Sergey Kollinz
2025/07/10 14:10:46 UTC,Sergey Kollinz
2025/07/10 18:00:14 UTC,darren zal
2025/07/10 18:00:14 UTC,deimantas murauskas
2025/07/14 15:05:55 UTC,gokhan polat
2025/07/14 15:05:57 UTC,gokhan polatski
2025/07/14 15:05:58 UTC,gokhan polatski
2025/07/14 15:06:03 UTC,gokhan polatski
2025/07/14 15:06:03 UTC,gokhan polatski
2025/07/14 15:06:09 UTC,gokhan
2025/07/14 15:06:10 UTC,gokhan
2025/07/14 15:27:27 UTC,colleen galbraith
2025/07/14 15:27:27 UTC,corey kossack
2025/07/14 15:27:27 UTC,cori lathan, phd
2025/07/14 15:27:27 UTC,cori rice
2025/07/14 15:27:27 UTC,cyrille derche
2025/07/14 15:27:28 UTC,cori rndao
2025/07/14 15:27:30 UTC,cori rndao
2025/07/14 15:27:34 UTC,cori rndao regens unite
2025/07/14 15:27:36 UTC,cori rndao regens unite
2025/07/14 15:27:39 UTC,cori rndao regens unite
2025/07/14 15:27:39 UTC,cori rndao regens unite
2025/07/14 15:27:45 UTC,cori rndao
2025/07/14 15:27:45 UTC,cori rndao
2025/07/20 18:55:14 UTC,sajani (sunny) shah, md, mba
2025/07/20 18:55:17 UTC,sunny
2025/07/20 18:55:19 UTC,sunny
2025/07/20 18:55:19 UTC,sunny
2025/07/20 18:55:20 UTC,sunny
2025/07/20 18:55:25 UTC,sunny
2025/07/20 18:55:25 UTC,sunny
2025/07/21 16:37:34 UTC,big data analytics
2025/07/21 16:37:34 UTC,brad nye
2025/07/21 16:37:34 UTC,bradley owens
2025/07/21 16:37:34 UTC,bruce li
2025/07/21 16:37:34 UTC,nichol bradford
2025/07/21 16:37:43 UTC,brad nye
2025/07/21 16:37:43 UTC,brad nye
2025/07/21 16:41:48 UTC,mark shays
2025/07/21 16:41:49 UTC,mark shays
2025/07/21 16:44:02 UTC,riddhima kowley (she, her, hers)
2025/07/21 16:44:03 UTC,ruud kempener
2025/07/21 16:44:04 UTC,ruud klerks
2025/07/21 16:44:07 UTC,ruud klaassen
2025/07/21 16:44:25 UTC,ruud klaassen
2025/07/21 16:44:37 UTC,ruud klaassen
2025/07/21 16:44:38 UTC,ruud klaassen
2025/07/21 16:53:08 UTC,brad nye
2025/07/21 16:53:09 UTC,brent willson
2025/07/21 16:53:10 UTC,brent willess
2025/07/21 16:53:12 UTC,brent willett
2025/07/21 16:53:15 UTC,brent willett
2025/07/21 16:53:21 UTC,brent willett
2025/07/21 16:53:22 UTC,brent willett
2025/07/25 15:40:35 UTC,mark shays
2025/07/25 15:40:35 UTC,miro
2025/07/25 15:40:37 UTC,miro
2025/07/25 16:29:11 UTC,marcio guia
2025/07/25 16:29:13 UTC,marcio guia
2025/07/25 16:29:18 UTC,marcio guia
2025/07/25 16:29:21 UTC,marcio guia
2025/07/29 18:58:17 UTC,ruud klaassen
2025/08/04 15:24:14 UTC,Konstantin Drosdek
2025/08/04 15:24:15 UTC,Konstantin Drosdek
2025/08/06 13:51:23 UTC,sunny
2025/08/06 13:51:23 UTC,supertails
2025/08/06 13:51:23 UTC,superteam
2025/08/06 13:51:23 UTC,supertech group
2025/08/06 13:51:28 UTC,superteam solana
2025/08/06 13:51:29 UTC,superteam solana
2025/08/06 13:51:36 UTC,superteam solana
2025/08/06 13:51:36 UTC,superteam solana
2025/08/06 13:54:07 UTC,superteam
2025/08/06 13:54:08 UTC,superteam
2025/08/06 13:54:10 UTC,superteam
2025/08/06 13:54:11 UTC,superteam
2025/08/06 13:54:18 UTC,superteam
2025/08/06 13:54:28 UTC,superteam
2025/08/06 13:54:41 UTC,superteam
2025/08/06 13:57:46 UTC,buildspace
2025/08/06 13:57:48 UTC,Buildspace
2025/08/06 13:57:49 UTC,Buildspace
2025/08/06 13:57:52 UTC,Buildspace
2025/08/06 13:57:52 UTC,Buildspace
2025/08/06 13:59:12 UTC,Odyssey
2025/08/06 13:59:13 UTC,Odyssey
2025/08/06 13:59:19 UTC,Odyssey
2025/08/06 13:59:19 UTC,Odyssey
2025/08/06 13:59:25 UTC,Odyssey
2025/08/06 13:59:26 UTC,Odyssey
2025/08/06 13:59:29 UTC,Odyssey
2025/08/06 13:59:33 UTC,odyssey logistics case takeaways
2025/08/06 13:59:36 UTC,Odyssey
2025/08/06 13:59:36 UTC,Odyssey
2025/08/06 13:59:37 UTC,Odyssey
2025/08/06 13:59:38 UTC,Odyssey
2025/08/06 14:00:17 UTC,Odyssey
2025/08/06 14:02:39 UTC,Layer3
2025/08/06 14:02:40 UTC,Layer3
2025/08/06 14:06:34 UTC,wonderverse
2025/08/06 14:06:35 UTC,Wonderverse
2025/08/06 14:06:36 UTC,Wonderverse
2025/08/06 14:06:38 UTC,Wonderverse
2025/08/06 14:06:39 UTC,Wonderverse
2025/08/06 14:08:24 UTC,Seed Club
2025/08/06 14:08:24 UTC,seed club
2025/08/06 14:08:25 UTC,Seed Club
2025/08/06 14:08:25 UTC,Seed Club
2025/08/06 14:08:26 UTC,Seed Club
2025/08/08 15:59:38 UTC,Ray Kanani
2025/08/08 15:59:40 UTC,Ray Kanani
2025/08/12 07:35:02 UTC,konstantin drosdek
2025/08/12 19:21:53 UTC,friends with benefits
2025/08/12 19:21:54 UTC,Friends With Benefits
2025/08/12 19:21:55 UTC,Friends With Benefits
2025/08/12 19:22:03 UTC,Friends With Benefits
2025/08/12 19:22:04 UTC,Friends With Benefits
2025/08/12 19:26:30 UTC,Entrepreneur in Residence
2025/08/12 19:26:32 UTC,Entrepreneur in Residence
2025/08/12 19:29:34 UTC,audius
2025/08/12 19:29:35 UTC,Audius
2025/08/12 19:29:36 UTC,Audius
2025/08/12 19:29:36 UTC,Audius
2025/08/12 19:29:37 UTC,Audius
2025/08/12 19:33:08 UTC,Surge Women
2025/08/12 19:33:10 UTC,Surge Women
2025/08/12 19:33:14 UTC,Surge Women
2025/08/12 19:33:15 UTC,Surge Women
2025/08/12 19:34:42 UTC,git groups
2025/08/12 19:34:42 UTC,gitchia institute of global certification
2025/08/12 19:34:42 UTC,gitco
2025/08/12 19:34:43 UTC,gitcoin
2025/08/12 19:34:43 UTC,gitcoin
2025/08/12 19:34:44 UTC,gitcoin
2025/08/12 19:35:02 UTC,gitcoin
2025/08/12 19:35:02 UTC,gitcoin
2025/08/12 19:35:10 UTC,gitcoin
2025/08/12 19:35:15 UTC,gitcoin
2025/08/19 16:30:19 UTC,louis vuitton
2025/08/19 16:30:20 UTC,Louis Vuitton
2025/08/19 16:30:21 UTC,Louis Vuitton
2025/08/19 16:31:04 UTC,Brandless PH
2025/08/19 16:31:05 UTC,Brandless PH
2025/08/19 16:31:10 UTC,Brandless PH
2025/08/19 16:31:10 UTC,Brandless PH
2025/08/19 16:35:44 UTC,Club CPG
2025/08/19 16:35:44 UTC,club cpg
2025/08/19 16:35:45 UTC,Club CPG
2025/08/19 16:35:46 UTC,Club CPG
2025/08/19 16:35:47 UTC,Club CPG
2025/08/19 16:36:04 UTC,Club CPG
2025/08/19 16:37:19 UTC,Polkadot
2025/08/19 16:37:20 UTC,Polkadot
2025/08/19 16:38:07 UTC,polkadot
2025/08/19 16:38:08 UTC,polkadot
2025/08/19 16:38:09 UTC,polkadot
2025/08/19 16:38:11 UTC,polkadot
2025/08/19 16:38:11 UTC,polkadot
2025/08/19 16:53:52 UTC,web3 community
2025/08/19 16:53:53 UTC,Web3 Community
2025/08/19 16:53:54 UTC,Web3 Community
2025/08/19 16:53:55 UTC,Web3 Community
2025/08/19 16:53:55 UTC,Web3 Community
2025/08/19 16:55:33 UTC,Bitget
2025/08/19 16:55:33 UTC,Bitget
2025/08/19 16:55:39 UTC,Bitget
2025/08/19 16:55:40 UTC,Bitget
2025/08/19 16:56:14 UTC,Bitget
2025/08/19 16:56:20 UTC,bitget
2025/08/19 16:56:20 UTC,bitget
2025/08/19 16:56:21 UTC,bitget
2025/08/19 17:45:21 UTC,ekolance
2025/08/19 17:45:22 UTC,EkoLance
2025/08/19 17:45:23 UTC,EkoLance
2025/08/19 17:45:24 UTC,EkoLance
2025/08/19 17:45:25 UTC,EkoLance
2025/08/19 18:03:21 UTC,TokenMinds
2025/08/19 18:03:22 UTC,TokenMinds
2025/08/19 18:03:28 UTC,TokenMinds
2025/08/19 18:03:29 UTC,TokenMinds
2025/08/21 17:11:33 UTC,ruud klaassen
2025/08/21 17:11:43 UTC,ramaa hyundai
2025/08/21 17:11:44 UTC,ramaay
2025/08/21 17:11:51 UTC,ramaayan heart nation
2025/08/21 17:11:52 UTC,ramaayan heart nation
2025/09/04 02:55:53 UTC,gitcoin
2025/09/04 16:17:53 UTC,Mario Yaksetig Meetwith
2025/09/04 16:17:54 UTC,Mario Yaksetig Meetwith
2025/09/17 18:22:58 UTC,harvard business review discussion group
2025/09/17 18:22:58 UTC,holon
2025/09/17 18:22:58 UTC,holons hn$
2025/09/17 18:23:00 UTC,holons.io
2025/09/17 18:23:01 UTC,holons.io
2025/09/17 18:23:10 UTC,holons.io
2025/09/17 18:23:10 UTC,holons.io
2025/09/17 18:23:13 UTC,holons
2025/09/17 18:23:14 UTC,holons
2025/09/17 18:23:32 UTC,robby valenti
2025/09/17 18:23:32 UTC,robby valenti
2025/09/17 18:23:40 UTC,ramaayan heart nation
2025/09/17 18:23:44 UTC,robby valenti holons
2025/09/17 18:23:46 UTC,robby valenti holons
2025/09/17 18:23:50 UTC,robby valenti holons
2025/09/17 18:23:51 UTC,robby valenti holons
2025/09/27 00:24:38 UTC,Akancha Srivastava Foundation
2025/09/27 00:24:39 UTC,Akancha Srivastava Foundation
2025/09/27 00:26:42 UTC,CrowdStrike
2025/09/27 00:26:42 UTC,crowdstrike
2025/09/27 00:26:43 UTC,CrowdStrike
2025/10/02 17:06:00 UTC,nokia for service providers
2025/10/02 17:06:01 UTC,steve mera psionics insights
2025/10/02 17:06:02 UTC,steve melville
2025/10/02 17:06:03 UTC,steve melville
2025/10/02 17:06:06 UTC,steve melville
2025/10/02 17:06:06 UTC,steve melville
2025/10/02 17:06:21 UTC,steve melville
2025/10/02 17:08:30 UTC,crowdstrike
2025/10/02 17:08:34 UTC,christine bowen
2025/10/02 17:08:35 UTC,christine bowen
2025/10/02 17:08:38 UTC,christine bowen
2025/10/02 17:08:39 UTC,christine bowen
2025/10/22 14:04:13 UTC,mario yaksetig meetwith
2025/10/22 14:04:25 UTC,muhammad fakhar anwar
2025/10/22 14:04:26 UTC,muhammad fakhar anwar
2025/10/22 14:04:34 UTC,muhammad fakhar anwar
2025/10/22 14:04:35 UTC,muhammad fakhar anwar
2025/10/30 05:57:38 UTC,timeisnow.eu
2025/10/30 05:57:39 UTC,timeisnow.eu
2025/10/30 06:18:46 UTC,viktor vorski
2025/10/30 06:18:47 UTC,viktor vorski
2025/11/03 08:07:55 UTC,Предприниматель
2025/11/03 08:10:10 UTC,LMK lsssslzzzzlzzzz
2025/11/03 08:10:10 UTC,LMK lsssslzzzzlzzzz
2025/11/03 08:10:11 UTC,Venture Support / EIR Program Lead
2025/11/03 08:10:12 UTC,LMK lsssslzzzzlzzzz
2025/11/03 08:10:12 UTC,LMK lsssslzzzzlzzzz
2025/11/03 08:10:13 UTC,LMK lsssslzzzzlzzzz
2025/11/03 08:10:13 UTC,Venture Support / EIR Program Lead
2025/11/03 08:10:13 UTC,lmk lsssslzzzzlzzzz
2025/11/03 08:10:15 UTC,LMK lsssslzzzzlzzzz
2025/11/03 08:10:15 UTC,LMK lsssslzzzzlzzzz
2025/11/03 08:10:15 UTC,LMK lsssslzzzzlzzzz
2025/11/03 08:10:16 UTC,Venture Support / EIR Program Lead
2025/11/03 08:10:19 UTC,muhammad fakhar anwar
2025/11/03 08:15:49 UTC,LMK lsssslzzzzlzzzz
2025/11/04 10:47:29 UTC,LMK lsssslzzzzlzzzz
2025/11/04 11:42:07 UTC,lmk lsssslzzzzlzzzz
2025/11/05 08:03:46 UTC,lmk lsssslzzzzlzzzz
2025/11/05 08:03:46 UTC,lmk lsssslzzzzlzzzz
2025/11/05 13:16:56 UTC,LMK lsssslzzzzlzzzz
2025/11/05 20:25:20 UTC,Entrepreneur
2025/11/06 15:47:05 UTC,LMK lsssslzzzzlzzzz
2025/11/06 21:46:11 UTC,Entrepreneur
2025/11/07 18:15:08 UTC,LMK lsssslzzzzlzzzz
2025/11/07 22:12:53 UTC,Entrepreneur
2025/11/08 20:44:01 UTC,LMK lsssslzzzzlzzzz
2025/11/09 23:11:26 UTC,LMK lsssslzzzzlzzzz
2025/11/11 01:40:08 UTC,LMK lsssslzzzzlzzzz
2025/11/12 04:08:50 UTC,LMK lsssslzzzzlzzzz
2025/11/13 06:37:09 UTC,LMK lsssslzzzzlzzzz
2025/11/14 09:50:20 UTC,LMK lsssslzzzzlzzzz
2025/11/15 12:16:45 UTC,LMK lsssslzzzzlzzzz
2025/11/16 14:57:34 UTC,LMK lsssslzzzzlzzzz
2025/11/17 17:27:28 UTC,LMK lsssslzzzzlzzzz
2025/11/18 19:58:07 UTC,LMK lsssslzzzzlzzzz
2025/11/19 22:46:46 UTC,LMK lsssslzzzzlzzzz
2025/11/21 01:11:13 UTC,LMK lsssslzzzzlzzzz
2025/11/21 13:06:40 UTC,steve melville
2025/11/22 03:34:06 UTC,LMK lsssslzzzzlzzzz
2025/11/23 05:58:09 UTC,LMK lsssslzzzzlzzzz
2025/11/24 08:27:00 UTC,LMK lsssslzzzzlzzzz
2025/11/24 14:59:42 UTC,akancha srivastava foundation
2025/11/24 15:25:31 UTC,daniel escutia
2025/11/24 15:25:32 UTC,daniel escutia
2025/11/25 11:50:08 UTC,LMK lsssslzzzzlzzzz
2025/11/26 15:11:41 UTC,LMK lsssslzzzzlzzzz
2025/11/27 17:31:59 UTC,LMK lsssslzzzzlzzzz
2025/11/28 19:51:46 UTC,LMK lsssslzzzzlzzzz
2025/11/29 22:14:24 UTC,LMK lsssslzzzzlzzzz
2025/12/01 00:29:57 UTC,LMK lsssslzzzzlzzzz
2025/12/01 14:27:33 UTC,Kate Bennett
2025/12/01 14:27:34 UTC,Kate Bennett
2025/12/02 02:46:39 UTC,LMK lsssslzzzzlzzzz
2025/12/02 18:13:39 UTC,daniel escutia
2025/12/02 18:13:41 UTC,daniel escutia
2025/12/02 18:13:45 UTC,daniel escutia
2025/12/02 18:13:46 UTC,daniel escutia
2025/12/02 18:14:08 UTC,daniel escutia
2025/12/02 18:14:09 UTC,daniel escutia
2025/12/02 18:14:21 UTC,daniel escutia
2025/12/02 18:14:22 UTC,daniel escutia
2025/12/02 18:14:28 UTC,daniel escutia
2025/12/02 18:14:28 UTC,daniel escutia
2025/12/03 03:02:21 UTC,daniel escutia
2025/12/03 05:19:50 UTC,LMK lsssslzzzzlzzzz
2025/12/04 07:36:27 UTC,LMK lsssslzzzzlzzzz
2025/12/05 09:55:11 UTC,LMK lsssslzzzzlzzzz
2025/12/06 12:43:18 UTC,LMK lsssslzzzzlzzzz
2025/12/07 10:36:36 UTC,Raiya kind
2025/12/07 10:36:37 UTC,Raiya kind
2025/12/07 15:02:33 UTC,LMK lsssslzzzzlzzzz
2025/12/08 17:18:25 UTC,LMK lsssslzzzzlzzzz
2025/12/09 19:36:18 UTC,LMK lsssslzzzzlzzzz
2025/12/10 07:24:28 UTC,Anton Osika
2025/12/10 07:24:29 UTC,Anton Osika
2025/12/10 12:44:22 UTC,timeisnow.eu
2025/12/10 21:44:48 UTC,LMK lsssslzzzzlzzzz
2025/12/22 12:19:05 UTC,nokia for service providers
2025/12/22 13:45:03 UTC,raiya kind
2025/12/22 13:45:04 UTC,київстар
2025/12/22 13:45:08 UTC,коуч по предназначению
2025/12/22 13:45:09 UTC,коуч по предназначению
2025/12/22 14:14:40 UTC,consultant
2025/12/22 14:14:40 UTC,consultant
2025/12/22 14:14:40 UTC,consultant
2025/12/22 14:14:40 UTC,consultant
2025/12/22 14:14:40 UTC,consultant
2025/12/22 14:14:40 UTC,corporate strategy specialist
2025/12/22 14:14:40 UTC,corporate strategy specialist
2025/12/22 14:14:40 UTC,corporate strategy specialist
2025/12/22 14:14:40 UTC,corporate strategy specialist
2025/12/22 14:14:40 UTC,corporate strategy specialist
2025/12/22 14:14:40 UTC,entrepreneur in residence
2025/12/22 14:14:40 UTC,entrepreneur in residence
2025/12/22 14:14:40 UTC,entrepreneur in residence
2025/12/22 14:14:40 UTC,entrepreneur in residence
2025/12/22 14:14:40 UTC,entrepreneur in residence
2025/12/22 14:14:40 UTC,product manager
2025/12/22 14:14:40 UTC,product manager
2025/12/22 14:14:40 UTC,product manager
2025/12/22 14:14:40 UTC,product manager
2025/12/22 14:14:40 UTC,product manager
2025/12/22 14:14:42 UTC,consultant
2025/12/22 14:15:05 UTC,consultant
2026/01/02 04:56:45 UTC,Shadman Uddin
2026/01/02 04:56:46 UTC,Shadman Uddin
2026/01/02 04:56:48 UTC,Shadman Uddin
2026/01/03 02:45:53 UTC,em normandie business school
2026/01/03 02:45:53 UTC,em roblin inc
2026/01/03 02:45:54 UTC,em roblin inc
2026/01/05 15:16:21 UTC,think with google
2026/01/05 15:16:23 UTC,grace rachmany
2026/01/05 15:16:25 UTC,grace rachmany
2026/01/08 08:45:24 UTC,Natalia stefanovski
2026/01/08 08:45:37 UTC,Natalia stefanowski
2026/01/29 08:16:22 UTC,genius audio boosts creativity
2026/01/29 08:16:23 UTC,genius.city
2026/01/29 08:16:23 UTC,genius.city
2026/02/04 17:03:06 UTC,cisco
2026/02/20 07:06:07 UTC,martha cecilia cardenas
2026/03/09 14:47:03 UTC,zeeshan
2026/03/09 14:47:04 UTC,zeeshan
2026/04/13 15:17:25 UTC,Lexi baldyga
2026/04/13 15:17:26 UTC,Lexi baldyga
2026/04/13 15:17:33 UTC,Lexi baldyga
2026/04/13 15:17:34 UTC,Lexi baldyga
2026/04/13 16:18:18 UTC,Baldyga
2026/04/13 16:18:18 UTC,Baldyga
2026/04/13 16:18:19 UTC,Baldyga
2026/04/13 16:18:26 UTC,Baldyga
2026/04/13 16:18:26 UTC,Baldyga
2026/04/13 16:18:26 UTC,Baldyga
2026/04/13 16:18:31 UTC,Baldyga
2026/04/13 16:18:34 UTC,Baldyga
2026/04/13 16:18:40 UTC,Baldyga
2026/04/13 16:18:52 UTC,Baldyga
2026/04/13 16:19:00 UTC,Baldyga
2026/04/13 16:19:10 UTC,Baldyga
2026/04/13 16:19:12 UTC,Baldyga
2026/04/13 16:19:15 UTC,Baldyga
2026/04/13 16:19:16 UTC,Baldyga
2026/04/13 16:19:20 UTC,Baldyga
2026/04/13 16:19:23 UTC,Baldyga
2026/04/13 16:19:25 UTC,Baldyga
2026/04/13 16:19:27 UTC,Baldyga
2026/04/13 16:19:30 UTC,Baldyga
2026/04/13 16:19:31 UTC,Baldyga
2026/04/13 16:19:33 UTC,Baldyga
2026/04/13 16:19:43 UTC,Baldyga
2026/04/13 16:19:47 UTC,Baldyga
2026/04/13 16:19:48 UTC,Baldyga
2026/04/13 16:19:51 UTC,Baldyga
2026/04/13 16:19:54 UTC,Baldyga
2026/04/13 16:19:57 UTC,Baldyga
2026/04/13 16:19:58 UTC,Baldyga
2026/04/13 16:20:00 UTC,Baldyga
2026/04/13 16:20:01 UTC,Baldyga
2026/04/13 16:20:03 UTC,Baldyga
2026/04/13 16:20:04 UTC,Baldyga
2026/04/13 16:20:06 UTC,Baldyga
2026/04/13 16:20:07 UTC,Baldyga
2026/04/13 16:20:09 UTC,Baldyga
2026/04/13 16:20:11 UTC,Baldyga
2026/04/13 16:20:17 UTC,Baldyga oscar
2026/04/13 16:20:17 UTC,Baldyga oscar
2026/04/13 16:20:17 UTC,Baldyga oscar
2026/04/13 16:20:30 UTC,Lexi Baldyga
2026/04/13 16:20:30 UTC,Lexi Baldyga
2026/05/08 19:06:33 UTC,Emmanuel holomovement
2026/05/08 19:06:34 UTC,Emmanuel holomovement
2026/05/08 19:06:47 UTC,Emmanuel holomovement
2026/05/08 19:06:48 UTC,Emmanuel holomovement
2026/05/08 19:06:58 UTC,holomovement
2026/05/08 19:06:59 UTC,holomovement
2026/05/08 19:06:59 UTC,holomovement
2026/05/08 19:07:03 UTC,holomovement
2026/05/08 19:07:12 UTC,holomovement
2026/05/14 22:44:05 UTC,claire founderos
2026/05/14 22:44:05 UTC,claire founderos
2026/05/14 22:44:05 UTC,claire founders
2026/05/14 22:44:06 UTC,claire founderos
2026/05/14 22:44:14 UTC,claire founderos
2026/05/14 22:44:14 UTC,claire founderos
2026/05/14 22:44:51 UTC,founderos
2026/05/14 22:44:51 UTC,founderos
2026/05/14 22:44:51 UTC,founders
2026/05/14 22:44:52 UTC,founderos
2026/05/14 22:45:09 UTC,founderos
2026/05/14 22:45:09 UTC,founderos
2026/05/14 22:45:09 UTC,founders
2026/05/14 22:45:16 UTC,founderos
2026/05/14 22:45:17 UTC,founderos
2026/05/29 06:56:18 UTC,Pete Dowson Digital Storytellers
2026/06/19 22:18:52 UTC,orion architect
2026/06/19 22:18:52 UTC,orion architect
2026/06/19 22:19:00 UTC,orion architect
2026/06/19 22:19:34 UTC,orion architect
2026/06/19 22:19:34 UTC,orion architect
2026/06/19 22:19:35 UTC,orion architect
2026/06/19 22:19:36 UTC,orion architect
2026/06/26 17:00:56 UTC,Boardy
2026/06/26 17:00:56 UTC,Boardy
2026/06/26 17:00:58 UTC,Boardy
2026/06/26 17:00:58 UTC,Boardy
2026/07/14 22:11:26 UTC,("sabbatical" OR "career break") AND (founder OR "ex-founder")
2026/07/14 22:11:26 UTC,("sabbatical" OR "career break") AND (founder OR "ex-founder")
2026/07/14 22:11:52 UTC,("sabbatical" OR "career break") AND (founder OR "ex-founder")
2026/07/14 22:11:54 UTC,("sabbatical" OR "career break") AND (founder OR "ex-founder")
2026/07/14 22:11:57 UTC,("sabbatical" OR "career break") AND (founder OR "ex-founder")
2026/07/14 22:11:58 UTC,("sabbatical" OR "career break") AND (founder OR "ex-founder")
2026/07/14 22:12:00 UTC,("sabbatical" OR "career break") AND (founder OR "ex-founder")
2026/07/14 22:12:01 UTC,("sabbatical" OR "career break") AND (founder OR "ex-founder")
2026/07/14 22:12:54 UTC,("sabbatical" OR "career break") AND (founder OR "ex-founder")
2026/07/14 22:12:56 UTC,("sabbatical" OR "career break") AND (founder OR "ex-founder")
2026/07/14 22:12:57 UTC,("sabbatical" OR "career break") AND (founder OR "ex-founder")
2026/07/14 22:12:58 UTC,("sabbatical" OR "career break") AND (founder OR "ex-founder")
2026/07/14 22:13:00 UTC,("sabbatical" OR "career break") AND (founder OR "ex-founder")
2026/07/14 22:25:43 UTC,("sabbatical" OR "career break") AND (founder OR "ex-founder")
2026/07/14 22:25:58 UTC,("sabbatical" OR "career break") AND (founder OR "ex-founder")
2026/07/14 22:46:05 UTC,("sabbatical" OR "career break") AND (founder OR "ex-founder")
