Date,ShareLink,ShareCommentary,SharedUrl,MediaUrl,Visibility
2026-04-19 21:11:52,https://www.linkedin.com/feed/update/urn%3Ali%3Ashare%3A7451739370165960704,"I made the same AI think 42% better.""
""""
""Same AI model - Opus 4.7, same set up.""
""""
""One seemingly small change.""
""""
""I ran a controlled A/B test.""
""""
""In the first test run, I added a 6-page text file.""
""""
""In the other, I didn’t.""
""""
""Guess what happened.""
""""
""On deep reasoning tasks:""
""""
""67 → 95 out of 100. (+42%)""
""""
""Not better wording.""
""Not faster replies.""
""""
""Better thinking.""
""""
""On simpler everyday tasks it computes responses in 21% less time.""
""""
""It may sound like a cool trick.""
""""
""It’s not.""
""""
""Here’s the part that is matters:""
""""
""The smarter the model, the bigger this effect becomes.""
""""
""This wasn’t even my latest AI upgrade.""
""""
""And it already jumped 42%.""
""""
""So what happens as models get better?""
""""
""This doesn’t stay a 42% gain.""
""""
""It becomes a multiplier.""
""""
""And multipliers compound.""
""""
""Which means:""
""""
""The gap between people using AI is about to widen.""
""""
""Same tools.""
""Very different outcomes.""
""""
""Most people are still optimizing:""
""""
""• prompts""
""• workflows""
""• model choice""
""""
""But there’s a deeper layer almost nobody is touching:""
""""
""What you load into the model changes how it thinks.""
""""
""Not just output.""
""""
""Cognition.""
""""
""I call this layer:""
""""
""Knoware.""
""""
""If you ignore it, AI still works.""
""""
""You’ll just be using a fraction of what’s possible.""
""""
""If you use knoware consciously:""
""""
""Every new model gets stronger for you than it does for everyone else.""
""""
""That’s the shift.""
""""
""This isn’t about better AI.""
""""
""It’s about:""
""""
""Who extracts more intelligence from the same AI.""
""""
""And that gap is already forming.""
""""
""The real question isn’t:""
""""
""“Which model are you using?”""
""""
""It’s:""
""""
""“How much of its intelligence are you actually accessing?”""
""""
""If you’re working deeply with AI and want to explore this layer, reach out.""
""","","",MEMBER_NETWORK
2026-04-19 18:59:42,https://www.linkedin.com/feed/update/urn%3Ali%3Ashare%3A7451706106734833667,"THE PERILS OF SCIENTIFIC DOGMA""
""by Aleksandr Konstantinov in collaboration with AI""
""March 2, 2026""
""""
""The “mainstream science"" is not science, it is a mind virus.""
""""
""Science, properly understood, is disciplined curiosity: hypothesis, experiment, revision, humility before data. It is a method — a way of reducing bias and error through collective scrutiny.""
""""
""The virus begins when method hardens into dogma.""
""""
""Instead of saying, “This is what our current models can explain,” it declares, “This is all that exists.” Instead of remaining provisional, it becomes doctrinal. Instead of inquiry, it performs authority. The invisible becomes unreal by decree. The immeasurable becomes meaningless. Subjective, aesthetic, and spiritual dimensions are dismissed not because they have been falsified, but because they do not fit the dominant frame.""
""""
""At that point, “science” functions like a quasireligion:""
""""
""* It has priests (credentialed interpreters).""
""* It has sacred texts (consensus papers).""
""* It has heresy (ideas outside paradigm).""
""* It has moral signaling disguised as objectivity.""
""""
""The tragedy is subtle.""
""""
""The same mindset that once liberated humanity from dogma becomes dogma itself. The spirit of inquiry is replaced by institutional self-protection. The method of doubt is replaced by certainty about what cannot exist.""
""""
""The deeper issue is not materialism vs mysticism.""
""""
""It is epistemic humility vs epistemic closure.""
""""
""When science remains a living process, it expands reality.""
""""
""When it becomes an ideology, it narrows it.""
""""
""The cure is not anti-science.""
""""
""It is meta-scientific awareness: remembering that every model is partial, every framework provisional, and every paradigm historically temporary.""
""""
""Real science breathes.""
""""
""The virus calcifies.""
""","","",MEMBER_NETWORK
2026-04-03 09:27:50,https://www.linkedin.com/feed/update/urn%3Ali%3Ashare%3A7445763985695657984,"You don’t have a value problem.""
""""
""You have a visibility problem.""
""""
""You already create value.""
""People already come to you.""
""You already help.""
""""
""But it’s scattered.""
""Unstructured.""
""Unpaid.""
""""
""So it never becomes a business.""
""""
""I built something that shows you:""
""""
""→ what you actually do""
""→ why it doesn’t translate into income""
""→ what’s missing to make it real""
""""
""Takes a few minutes.""
""""
""But most people see it immediately.""
""""
""Comment “genius” and I’ll send it.""
""""
""FindYourTopTalent.Com","","",MEMBER_NETWORK
2025-03-14 20:02:55,https://www.linkedin.com/feed/update/urn%3Ali%3Ashare%3A7306404483725434881,"Here’s a direct overview of the Impact Development Goals (IDGs)—an extension of the SDGs that our team created.""
""""
""We see it as the ultimate use case for AI, specifically designed to address root causes of global challenges in a more holistic way. ""
""""
""The IDGs revolve around four pillars (Infrastructure, Society, Environment, and Culture/Consciousness) and integrate 15 focus areas, ~140 key challenges, ~300 solutions, and ~1000 impact acupuncture points. ""
""""
""It’s increasingly clear that the SDGs need an upgrade, and this framework aims to fill that gap.""
""""
""For a deeper look at how the IDGs build on existing efforts and offer practical pathways for change, visit: www.integralos.org""
""""
""Karime Kuri Tiscareño Kirill Emelyanov Victoria Ke Tylor Middlestadt Silvana Raveane Oyi Sun Tracey Abbott 🌎 🌱""
""""
""#IDGs #Impact #SDGs #Sustainability #Innovation #Collaboration #GlobalDevelopment #2030 #2035 #Regeneration #PlanetaryWellbeing","","",MEMBER_NETWORK
2025-03-13 01:11:47,https://www.linkedin.com/feed/update/urn%3Ali%3Ashare%3A7305757438467551233,Accelerate Growth with This Ultimate Entrepreneur Hack 🚀 14-mins of no-fluff info https://lnkd.in/g6k8ARvr,https://youtu.be/Sr6L_Gh-u1Y,"",MEMBER_NETWORK
2025-03-05 02:34:54,https://www.linkedin.com/feed/update/urn%3Ali%3AugcPost%3A7302879248707420160,Find Your Path of Least Resistance #shorts #shortsvideo,"","",MEMBER_NETWORK
2025-03-04 23:43:15,https://www.linkedin.com/feed/update/urn%3Ali%3AugcPost%3A7302836054988886016,"It’s been a while since I started my role at Consciousness Expansion Systems as a Co-Founder, but I wanted to share this update with everyone.","","",MEMBER_NETWORK
2025-02-25 21:20:57,https://www.linkedin.com/feed/update/urn%3Ali%3Ashare%3A7300263528840470529,"💬 The ultimate growth hack? It’s not about scaling faster—it’s about scaling yourself.""
""""
""Being a founder is exhilarating, but let’s be real—it’s also a juggling act. Balancing purpose and profit, scaling impact without burnout, financing your adventure, and turning ambitious visions into reality is no small feat. ""
""""
""Here’s the game-changer: the outer growth of your venture reflects your inner growth. If you want to accelerate your business, first accelerate yourself.""
""""
""🗣️ To improve the quality of life—your wealth, health, happiness, and relationships—you must master the FIVE key inner dimensions: consciousness, mind, emotions, body, and uniqueness.""
""""
""Here’s how you can apply this principle today:""
""""
""→ [Map Your Potential]: Understand where you are on a personal and professional growth map. Ask yourself: do I have a good map of my dormant potential? Do I know where I am on it? What's next for me to grow into?""
""""
""→ [Zone of Genius]: Identify your top 3 talents. This is where you’re naturally aligned, in flow, and creating the most value. Double down on these strengths—they are your superpower. Ask yourself: do I have my Zone of Genius clearly articulated? How often do I express it?""
""""
""→ [Founder-Market Fit]: Your superpower IS the secret cheat-code to your career and your startup. It is about monetizing your genius, and there is a roadmap to that anyone can follow and arrive at the ultimate confirmation of value creation aka a sale (provided we aren't into manipulation).""
""""
""→ [Product-Market Fit]: Once you already SELL something, there is always the potential of scaling it up. Any product or offering that is being SOLD is the acorn of a hockey-stick startup. How so? The path your clients take is your ""killer feature"". The MVP is at your fingertips with AI coding software. There is a step-by-step roadmap in the link below. What's stopping you?""
""""
""→ [Leverage AI]: Building an MVP? Use AI tools to simplify, prototype faster, and focus on what truly matters—your killer feature. The key is to ship early, gather feedback, and iterate.""
""""
""💡 Remember, self-growth hacking isn’t just a philosophy—it’s a practical framework. When you align your vision, talents, and inner growth with your venture, the results will speak for themselves.""
""""
""So here’s my call-to-action for you, loud and clear:""
""""
""OPEN THIS LINK: https://lnkd.in/g6Z3_hkb""
""""
""Let’s share and grow together. 🚀""
""""
""#GrowthHacking #FounderJourney #SelfImprovement #ImpactLeadership #StartupSuccess","","",MEMBER_NETWORK
2024-09-23 00:16:21,https://www.linkedin.com/feed/update/urn%3Ali%3Ashare%3A7243775162079158272,"I’m thrilled to share an insightful article on Medium that bridges the incredible inner journeys we all experience with the latest in cutting-edge science! 🧠 ✨ ""
""""
""Imagine a world where your deepest meditative states and visionary experiences seamlessly align with the most advanced scientific theories 🧘‍♀️ 🔭 ""
""""
""In this article, I explore how our shared inner explorations can unlock a whole new understanding of reality, paving the way for a golden epoch of discovery and harmony 🚀 ""
""""
""From the pulsating heart of our consciousness to the intricate dance of quantum particles, join me in unraveling the cosmic symphony that connects us all 🎶 🌍 ""
""""
""Whether you’re a curious mind, a spiritual seeker, or a science enthusiast, this read is for you!""
""""
""👉 Check it out here: https://lnkd.in/gNTAETNM""
""""
""Let’s co-create a future where our inner and outer worlds unite in perfect harmony 💗 🌍 ""
""#NewScience #Consciousness #UnifiedTheory #InnerJourney #PsychedelicRenaissance #HolonicReality #Transformation #GoldenEpoch #ExploreTogether",https://medium.com/.../consciousness-meets-science-how,"",MEMBER_NETWORK
2022-12-15 09:11:05,https://www.linkedin.com/feed/update/urn%3Ali%3Ashare%3A7009082392707571712,"Hi friends, here is a talk on Holistic Life Improvement Karime Kuri Tiscareño and I gave at Ubiquity University Humanity Rising series yesterday: https://lnkd.in/gCCMMT8w ""
""""
""We covered a lot of ground: shared the entire blueprint of the system of integral self-transformation www.therabbitwhole.org, and did a powerful short practice with elements of breathwork. Enjoy!","","",MEMBER_NETWORK
2022-12-13 12:00:51,https://www.linkedin.com/feed/update/urn%3Ali%3Ashare%3A7008400341012529152,"Hi friends, I am excited to announce our partnership with Ubiquity University, a global avant-garde university designed to create social impact through a whole new kind of education for a whole new kind of world.""
""""
""Join us this Wednesday Dec 14 for an inspiring conversation to find out how holistic rapid self-transformation can be the optimal way to improve the quality of your life across all aspects at once.""
""""
""This talk is part of Humanity Rising, Ubiquity’s global conversation among over 1,200 presenters, 500 participating organizations, and tens of thousands of changemakers from all over the world collaborating as Humanity looks to rise up and embrace our highest potential.""
""""
""Day/Time: Wednesday, Dec 14, 8:00 - 9:30am PT / 5:00 - 6:30pm CET""
""YouTube Livestream: https://lnkd.in/gRDEXUzC""
""Humanity Rising Livestream: https://lnkd.in/gbbuMtSt""
""Cannot make it to the Livestream? A recording of this webinar can be found on the UbiVerse: https://lnkd.in/gBSV3_9h ""
""""
""Together we can chart a course for our present and future!""
""""
""#university #transformation #socialimpact #integral #education","","",MEMBER_NETWORK
2022-08-22 23:42:19,https://www.linkedin.com/feed/update/urn%3Ali%3Ashare%3A6967627040296423425,"Hi dear friends!""
""""
""Join Karime Kuri Tiscareño and I for a Virtual Retreat On Aug 27-28 to Overcome Blocks + Quantum Leap your Awareness organized by Rabbit Whole, our accelerator of holistic self-transformation (www.therabbitwhole.org)""
""""
""What if this weekend was enough to completely shift your perspective into another layer of living?""
""""
""Join us for as little as 1$: https://lnkd.in/eyKpEVUm""
""""
""Our Live channeled event is happening August 27-28 at 18:00 Amsterdam time (9am PST) and we’d love to have you! The retreat will be available as a recording for the following 7 days so you can do it anytime ""
""""
""We have carefully designed a retreat to assist you to heal and transcend whatever is blocking you from fully expressing and growing, and then radically shift your perspective of yourself and of reality.""
""""
""We know it can feel frustrating to go to healing sessions over and over and still feel you’re barely making progress. We have gone through this ourselves, until we learned the truth.""
""""
""We were trying to fix our persona, which is just a mask, a false identity instead of doing the self-healing work from deeper layers of consciousness.""
""""
""Which allowed us to finally master the keys to instantly access true transformation on the go.""
""""
""For the entire experience, you can choose how much you feel called to contribute from $1 to $88. We promise you if you show up and follow the simple guidance, it will serve you in great ways.""
""""
""Especially if you are experiencing…""
""- Feeling blocked, stuck, or limited in some way""
""- Negative thought loops ""
""- Self sabotage""
""- Fear, self-doubt, or imposter syndrome""
""- Conflicts with partner and in relationships""
""""
""We have news! You can quantum leap into…""
""""
""- Sky rocketing into higher states of consciousness""
""- Actually experiencing your flow state""
""- A more self-aware, sharper and wise version of yourself""
""- Rejuvenated energy and vitality""
""""
""This is what some of our community members have experienced…""
""""
""“This experience was a shot of life” - Alejandra""
""“Coming together collectively and focusing our energies was powerful.. I realized I am not alone.” - Suzette""
""“Eyes closed. Breathwork. I follow Karime's gentle guidance to the unknown. I feel completely safe, I go with the light dispersing from inside out and connect to something far above me” - Alex""
""“I have been living in anticipation of an important upcoming event. Today, you helped me to return to the state of here and now.” - Anna""
""""
""ABOUT THE RETREAT""
""""
""90 minute LIVE advanced training and activation each day""
""""
""Starting time: 18:00 Amsterdam time (9am PST, 12am EST) or use this converter to find your time zone""
""""
""Day 1 - Recoding your subconscious into freedom""
""""
""Day 2 - Perspective shift by radically expanding your awareness""
""""
""Are you in? REGISTER HERE: https://lnkd.in/eyKpEVUm""
""""
""We believe it is a great gift to share transformative experiences with loved ones. Please share this invite with as many people as you feel moved to! ""
""""
""Much Love and Light,""
""Karime & Sasha""
""#consciousness #meditation","","",MEMBER_NETWORK
2022-08-14 12:23:42,https://www.linkedin.com/feed/update/urn%3Ali%3Ashare%3A6964557162358439936,"Hi dear friends! Karime Kuri Tiscareño and I felt called to open to public TODAY's guided meditation experience to deepen into presence that is usually just for www.therabbitwhole.org community members.""
""""
""We will start with a short breathwork journey to quiet our minds and open our hearts, and then will guide a meditative experience on the nature of awareness to deepen into presence, and experience non-duality also referred to as the flow state.""
""""
""Time: TODAY Sunday August 14 at 19:00 Amsterdam time (10am PST / 13:00 EST / 20:00 Moscow time)""
""""
""Please allow 1 hour of uninterrupted time and if you wish decorate your space with a lit up candle, or an incense.""
"" ""
""🔗 https://lnkd.in/eZYBDVKF""
""""
""See you later today""
""""
""#meditation #rabbitwhole #awareness #presence","","",MEMBER_NETWORK
2020-06-10 18:42:00,https://www.linkedin.com/feed/update/urn%3Ali%3Ashare%3A6676554009681248256,"We finally launched :) Please like, share, try, propose ideas and constructive feedback 🤗""
""""
""https://lnkd.in/gA6zY9i","","",MEMBER_NETWORK
2018-09-12 04:49:49,https://www.linkedin.com/feed/update/urn%3Ali%3Ashare%3A6445503513211609088,"Will be at #MWC2018 in Los Angeles Wednesday and Thursday. Excited to reconnect and meet new people, let's catch up!","","",MEMBER_NETWORK
2018-03-29 21:06:37,https://www.linkedin.com/feed/update/urn%3Ali%3Ashare%3A6385230559953719296,"A game-changing telecommunications project was just launched in Mexico. Happy to have had the chance to set the stage for ""Red Compartida"" as part of the Mexican government and now see it coming to fruition, impacting the market and touching many lives. Cheers to FERNANDO CARRILLO Ricardo Castañeda Karime Kuri Tiscareño Miguel Guevara Inés Martínez Nimbe Ewald Ante Salcedo Mony de Swaan Mario Fromow Juan Ludlow Saldivar, the rest of the team, and of course to the mastermind that does not use LinkedIn ;)",https://www.economist.com/news/business/21739763-idea-nationalised-5g-networks-spreading-mexico-switches-its-government-run,"",MEMBER_NETWORK
2016-05-19 00:03:08,https://www.linkedin.com/feed/update/urn%3Ali%3Ashare%3A6138851232170729472,On big data and image recognition: Face recognition app taking Russia by storm may bring end to public anonymity http://gu.com/p/4j6at/stw,http://gu.com/p/4j6at/stw,"",MEMBER_NETWORK
2015-04-07 03:07:04,https://www.linkedin.com/feed/update/urn%3Ali%3Ashare%3A5991043274545127424,Can anyone please connect me with anyone at Internet.org? Thanks!,"","",MEMBER_NETWORK
2012-05-24 17:13:07,https://www.linkedin.com/feed/update/urn%3Ali%3Ashare%3A1149849652,16 Heatmaps That Reveal Exactly Where People Look http://t.co/EH1SwVbm,"","",MEMBER_NETWORK
2012-05-15 16:04:50,https://www.linkedin.com/feed/update/urn%3Ali%3Ashare%3A1121975329,Case Interview Secrets: A Former McKinsey Interviewer Reveals How to Get Multi... http://t.co/ywa7D4Fx,"","",MEMBER_NETWORK
2012-05-10 15:41:07,https://www.linkedin.com/feed/update/urn%3Ali%3Ashare%3A1108802855,State of the Internet 2012 [Infographic] http://t.co/6ztkXann,"","",MEMBER_NETWORK
2012-05-03 17:42:01,https://www.linkedin.com/feed/update/urn%3Ali%3Ashare%3A1090039514,interesting,"","",MEMBER_NETWORK
2012-04-19 03:47:14,https://www.linkedin.com/feed/update/urn%3Ali%3Ashare%3A1051287616,"At the ITU conference ""Connect Americas 2012"" in Mexico City!","","",MEMBER_NETWORK
2012-01-08 08:45:50,https://www.linkedin.com/feed/update/urn%3Ali%3Ashare%3A805403749,"Тетя попросила здоровенного омоновца сфотографировать ее на фоне казанского, смотрелось очень классно, не успел сфоткать :)","","",MEMBER_NETWORK
2011-12-13 07:32:27,https://www.linkedin.com/feed/update/urn%3Ali%3Ashare%3A756328623,Winner of the biggest business-case competition in Russia!!,"","",MEMBER_NETWORK
2010-07-05 18:24:36,https://www.linkedin.com/feed/update/urn%3Ali%3Ashare%3A63261323,I see more and more mobile-zombies  blindly staring at their mobile screen while walking on the streets. Including me...,"","",MEMBER_NETWORK
2010-06-28 16:49:37,https://www.linkedin.com/feed/update/urn%3Ali%3Ashare%3A58540477,What is the future of telecommunications? What would you suggest should happen? How to create new business models of it?,"","",MEMBER_NETWORK
2010-06-17 08:27:57,https://www.linkedin.com/feed/update/urn%3Ali%3Ashare%3A51097937,"Breakthrough in personal time-management and efficiency - we moved to ""open space"" office :)","","",MEMBER_NETWORK
2008-12-03 22:29:16,https://www.linkedin.com/feed/update/urn%3Ali%3AgroupPost%3A584-648284,"looking for JCs in Delhi, India""
""""
""Hello, ""
""""
""I am a member of JCI St Petersburg and I moved to Delhi to work. I am trying to contact anybody from Delhi, but can't find any information on the net, they seem to have problems with the website. Can anybody help me out?""
""""
""Thanks!""
""""
""Alexander","","",MEMBER_NETWORK
